url_path,views_total,views_unique
/cubicleguy/su_arduino_spi,15,8
/cubicleguy/su_arduino_spi/tree/main/examples,4,2
/cubicleguy/su_arduino_spi/blob/main/examples/su_library_test_example/su_library_test_example.ino,2,2
/cubicleguy/su_arduino_spi/tree/main/examples/su_library_test_example,2,2
/cubicleguy/su_arduino_spi/tree/main/src,2,2
/cubicleguy/su_arduino_spi/blob/main/src/accel_epson_M-Axxx.h,2,1
/cubicleguy/su_arduino_spi/blob/main/src/accel_epson_user_def.h,2,1
/cubicleguy/su_arduino_spi/blob/main/src/epson_devices.h,2,1
/cubicleguy/su_arduino_spi/blob/main/src/imu_epson_M-Gxxx_M-Vxxx.h,2,1
/cubicleguy/su_arduino_spi/blob/main/src/imu_epson_user_def.h,2,1
